Name |Phone|Email|Address|City
Ross|1-340-528-9325|sit@Aliquam.co.uk|Ap #348-1484 Ante Road|Bellevaux-Ligneuville
Kermit|1-702-837-0140|nunc.sed.libero@mauris.co.uk|P.O. Box 138, 130 Phasellus Rd.|Des Moines
Hadassah|1-590-190-5665|montes.nascetur@necenimNunc.org|4243 Magna. Rd.|Southwell
Francis|1-567-301-7810|Curabitur.egestas.nunc@nunc.co.uk|8762 Interdum Rd.|Phoenix
Ina|1-181-389-8691|ipsum.Suspendisse@etcommodo.co.uk|5596 Accumsan Rd.|Uppingham. Cottesmore
Serina|1-160-584-1370|Duis.at@idenimCurabitur.org|Ap #870-4755 Amet St.|Largs
Jescie|1-908-230-4470|tempor@aneque.net|Ap #821-4436 Velit. St.|St. Ives
Preston|1-718-395-1992|dapibus@nonantebibendum.com|Ap #575-3289 Consequat Street|Minot
Ciaran|1-778-544-0416|Nunc@nec.org|Ap #984-8422 Scelerisque, Rd.|Blairgowrie
Ingrid|1-625-686-9375|ipsum.Phasellus.vitae@liberoet.org|Ap #687-6203 Ac Av.|Winschoten
Idona|1-559-716-8666|tempor@nec.org|Ap #768-7272 Sed Road|Lanark
Juliet|1-958-645-2070|ligula@elementumlorem.net|312-5563 Dictum Rd.|Launceston
Nayda|1-711-627-8025|ut.molestie@sit.co.uk|Ap #884-7163 Dictum Ave|Stevenage
Acton|1-687-644-2723|non.massa.non@ametconsectetuer.net|Ap #813-5657 Scelerisque St.|Bromyard
Azalia|1-184-672-2264|egestas@sedsemegestas.org|P.O. Box 986, 9268 Posuere Av.|Canberra
Shellie|1-388-269-8379|Suspendisse.ac.metus@imperdiet.org|557-6690 Neque. Road|Morpeth
Devin|1-997-389-4746|erat@risus.ca|Ap #418-7154 Donec St.|Hartlepool
Branden|1-639-856-6742|ante.lectus.convallis@aptenttaciti.net|Ap #923-6414 Aenean Av.|Zandhoven
Wyoming|1-934-227-9055|Cras.dolor@eu.org|471-8920 Erat Rd.|Paradise
Maris|1-610-343-8206|sagittis@ornare.ca|P.O. Box 856, 9154 Nibh Ave|Rockford
Ryder|1-854-537-0753|pede@euerosNam.co.uk|Ap #774-7774 Mauris, Rd.|Scalloway
Signe|1-729-367-8021|auctor.non.feugiat@necligulaconsectetuer.net|228-2456 Rutrum Road|Quispamsis
Anjolie|1-723-535-5675|Mauris.magna@IntegermollisInteger.com|P.O. Box 587, 5067 Gravida Av.|Cirencester
Aretha|1-418-367-6540|sem.elit@acarcu.com|424 Faucibus Avenue|Armadale
